{
    "name": "root",
    "gauges": {
        "2_BC-and-Gail_PushBlock.Policy.Entropy.mean": {
            "value": 1.356778621673584,
            "min": 1.3563424348831177,
            "max": 1.418938398361206,
            "count": 250
        },
        "2_BC-and-Gail_PushBlock.Policy.ExtrinsicValueEstimate.mean": {
            "value": 0.16618679463863373,
            "min": -0.09246379882097244,
            "max": 0.23452936112880707,
            "count": 250
        },
        "2_BC-and-Gail_PushBlock.Policy.GAILValueEstimate.mean": {
            "value": 0.6778371930122375,
            "min": 0.01029143389314413,
            "max": 1.0676144361495972,
            "count": 250
        },
        "2_BC-and-Gail_PushBlock.IsTraining.mean": {
            "value": 1.0,
            "min": 1.0,
            "max": 1.0,
            "count": 250
        },
        "2_BC-and-Gail_PushBlock.Losses.ValueLoss.mean": {
            "value": 0.05746147781610489,
            "min": 0.0016389242373406887,
            "max": 0.11527333408594131,
            "count": 241
        },
        "2_BC-and-Gail_PushBlock.Losses.PolicyLoss.mean": {
            "value": 0.027534281834959984,
            "min": 0.016962049528956413,
            "max": 0.03269503265619278,
            "count": 241
        },
        "2_BC-and-Gail_PushBlock.Policy.LearningRate.mean": {
            "value": 4.882619464297022e-07,
            "min": 4.882619464297022e-07,
            "max": 0.000298617611406371,
            "count": 241
        },
        "2_BC-and-Gail_PushBlock.Losses.GAILLoss.mean": {
            "value": 0.3279607892036438,
            "min": 0.2439243346452713,
            "max": 5.810563087463379,
            "count": 241
        },
        "2_BC-and-Gail_PushBlock.Policy.GAILPolicyEstimate.mean": {
            "value": 0.10108540207147598,
            "min": 0.07373704016208649,
            "max": 0.45961132645606995,
            "count": 241
        },
        "2_BC-and-Gail_PushBlock.Policy.GAILExpertEstimate.mean": {
            "value": 0.8979803919792175,
            "min": 0.567768394947052,
            "max": 0.9177982807159424,
            "count": 241
        },
        "2_BC-and-Gail_PushBlock.Losses.PretrainingLoss.mean": {
            "value": 0.0,
            "min": 0.0,
            "max": 0.43393513560295105,
            "count": 241
        },
        "2_BC-and-Gail_PushBlock.Environment.EpisodeLength.mean": {
            "value": 688.75,
            "min": 90.0,
            "max": 999.0,
            "count": 245
        },
        "2_BC-and-Gail_PushBlock.Environment.CumulativeReward.mean": {
            "value": 1.3313066768149535,
            "min": -1.0000000447034836,
            "max": 4.909199841320515,
            "count": 245
        },
        "2_BC-and-Gail_PushBlock.Policy.ExtrinsicReward.mean": {
            "value": 1.3313066768149535,
            "min": -1.0000000447034836,
            "max": 4.909199841320515,
            "count": 245
        },
        "2_BC-and-Gail_PushBlock.Policy.GAILReward.mean": {
            "value": 3.3882403601610958,
            "min": 2.2845014383686553,
            "max": 14.986095011234283,
            "count": 245
        }
    },
    "metadata": {
        "timer_format_version": "0.1.0",
        "start_time_seconds": "1590330413",
        "python_version": "3.6.5 (v3.6.5:f59c0932b4, Mar 28 2018, 17:00:18) [MSC v.1900 64 bit (AMD64)]",
        "command_line_arguments": "C:\\Users\\Seppi\\AppData\\Local\\Programs\\Python\\Python36\\Scripts\\mlagents-learn C:\\Users\\Seppi\\AppData\\Local\\gitkraken\\app-7.0.0\\ML-Agents-Example-DemonstrationLearning\\Assets\\trainer_config.yaml --run-id=2_BC-and-Gail",
        "mlagents_version": "0.16.1",
        "mlagents_envs_version": "0.16.1",
        "communication_protocol_version": "1.0.0",
        "tensorflow_version": "1.7.1",
        "end_time_seconds": "1590332081"
    },
    "total": 1668.3097658000002,
    "count": 1,
    "self": 0.1514966000002005,
    "children": {
        "run_training.setup": {
            "total": 0.0057143,
            "count": 1,
            "self": 0.0057143
        },
        "TrainerController.start_learning": {
            "total": 1668.1525549,
            "count": 1,
            "self": 64.03648349998298,
            "children": {
                "TrainerController._reset_env": {
                    "total": 38.6156135,
                    "count": 1,
                    "self": 38.6156135
                },
                "demo_to_buffer": {
                    "total": 1.8734062000000051,
                    "count": 2,
                    "self": 0.014611199999997382,
                    "children": {
                        "load_demonstration": {
                            "total": 0.04446680000000214,
                            "count": 2,
                            "self": 0.04228779999999688,
                            "children": {
                                "read_file": {
                                    "total": 0.00217900000000526,
                                    "count": 2,
                                    "self": 0.00217900000000526
                                }
                            }
                        },
                        "make_demo_buffer": {
                            "total": 1.8143282000000056,
                            "count": 2,
                            "self": 0.3790803000001759,
                            "children": {
                                "steps_from_proto": {
                                    "total": 1.4352478999998297,
                                    "count": 11896,
                                    "self": 0.5183952000007608,
                                    "children": {
                                        "_process_vector_observation": {
                                            "total": 0.9168526999990689,
                                            "count": 47584,
                                            "self": 0.9168526999990689
                                        }
                                    }
                                }
                            }
                        }
                    }
                },
                "TrainerController.advance": {
                    "total": 1563.0260647000168,
                    "count": 80234,
                    "self": 0.923635100006095,
                    "children": {
                        "env_step": {
                            "total": 1562.1024296000107,
                            "count": 80234,
                            "self": 1462.1252769999585,
                            "children": {
                                "SubprocessEnvManager._take_step": {
                                    "total": 98.89606100003445,
                                    "count": 80234,
                                    "self": 3.1921490000397625,
                                    "children": {
                                        "NNPolicy.evaluate": {
                                            "total": 95.70391199999469,
                                            "count": 78165,
                                            "self": 95.70391199999469
                                        }
                                    }
                                },
                                "workers": {
                                    "total": 1.0810916000177713,
                                    "count": 80234,
                                    "self": 0.0,
                                    "children": {
                                        "worker_root": {
                                            "total": 1627.0781695000085,
                                            "count": 80234,
                                            "is_parallel": true,
                                            "self": 597.1185944000097,