{
    "name": "root",
    "gauges": {
        "3_BC-and-Gail-No-Extrinsic_PushBlock.Policy.Entropy.mean": {
            "value": 1.2981908321380615,
            "min": 1.2981864213943481,
            "max": 1.418938398361206,
            "count": 250
        },
        "3_BC-and-Gail-No-Extrinsic_PushBlock.Policy.GAILValueEstimate.mean": {
            "value": 25.850086212158203,
            "min": -0.13388033211231232,
            "max": 29.58367919921875,
            "count": 250
        },
        "3_BC-and-Gail-No-Extrinsic_PushBlock.Environment.EpisodeLength.mean": {
            "value": 563.7142857142857,
            "min": 245.0,
            "max": 999.0,
            "count": 247
        },
        "3_BC-and-Gail-No-Extrinsic_PushBlock.Environment.CumulativeReward.mean": {
            "value": 3.12576005111138,
            "min": -1.0000000447034836,
            "max": 4.754000090062618,
            "count": 247
        },
        "3_BC-and-Gail-No-Extrinsic_PushBlock.Policy.GAILReward.mean": {
            "value": 132.12910910397767,
            "min": 0.0,
            "max": 474.02859020233154,
            "count": 247
        },
        "3_BC-and-Gail-No-Extrinsic_PushBlock.IsTraining.mean": {
            "value": 1.0,
            "min": 1.0,
            "max": 1.0,
            "count": 250
        },
        "3_BC-and-Gail-No-Extrinsic_PushBlock.Losses.ValueLoss.mean": {
            "value": 42.5091552734375,
            "min": 0.004850899334996939,
            "max": 79.8125991821289,
            "count": 242
        },
        "3_BC-and-Gail-No-Extrinsic_PushBlock.Losses.PolicyLoss.mean": {
            "value": 0.01886916346848011,
            "min": 0.014366497285664082,
            "max": 0.03324725851416588,
            "count": 242
        },
        "3_BC-and-Gail-No-Extrinsic_PushBlock.Policy.LearningRate.mean": {
            "value": 7.683379976697324e-07,
            "min": 7.683379976697324e-07,
            "max": 0.00029876470216549933,
            "count": 242
        },
        "3_BC-and-Gail-No-Extrinsic_PushBlock.Losses.GAILLoss.mean": {
            "value": 0.4070657789707184,
            "min": 0.35295936465263367,
            "max": 6.581526756286621,
            "count": 242
        },
        "3_BC-and-Gail-No-Extrinsic_PushBlock.Policy.GAILPolicyEstimate.mean": {
            "value": 0.13094614446163177,
            "min": 0.10909274965524673,
            "max": 0.5028547644615173,
            "count": 242
        },
        "3_BC-and-Gail-No-Extrinsic_PushBlock.Policy.GAILExpertEstimate.mean": {
            "value": 0.8687065243721008,
            "min": 0.5236537456512451,
            "max": 0.8833197355270386,
            "count": 242
        },
        "3_BC-and-Gail-No-Extrinsic_PushBlock.Losses.PretrainingLoss.mean": {
            "value": 0.0,
            "min": 0.0,
            "max": 0.43059229850769043,
            "count": 242
        }
    },
    "metadata": {
        "timer_format_version": "0.1.0",
        "start_time_seconds": "1590332257",
        "python_version": "3.6.5 (v3.6.5:f59c0932b4, Mar 28 2018, 17:00:18) [MSC v.1900 64 bit (AMD64)]",
        "command_line_arguments": "C:\\Users\\Seppi\\AppData\\Local\\Programs\\Python\\Python36\\Scripts\\mlagents-learn C:\\Users\\Seppi\\AppData\\Local\\gitkraken\\app-7.0.0\\ML-Agents-Example-DemonstrationLearning\\Assets\\trainer_config.yaml --run-id=3_BC-and-Gail-No-Extrinsic",
        "mlagents_version": "0.16.1",
        "mlagents_envs_version": "0.16.1",
        "communication_protocol_version": "1.0.0",
        "tensorflow_version": "1.7.1",
        "end_time_seconds": "1590333883"
    },
    "total": 1625.7486838,
    "count": 1,
    "self": 0.13587040000015804,
    "children": {
        "run_training.setup": {
            "total": 0.0060331,
            "count": 1,
            "self": 0.0060331
        },
        "TrainerController.start_learning": {
            "total": 1625.6067802999999,
            "count": 1,
            "self": 57.934149200006004,
            "children": {
                "TrainerController._reset_env": {
                    "total": 29.4010163,
                    "count": 1,
                    "self": 29.4010163
                },
                "demo_to_buffer": {
                    "total": 1.8327338999999974,
                    "count": 2,
                    "self": 0.01346189999999936,
                    "children": {
                        "load_demonstration": {
                            "total": 0.041452099999997216,
                            "count": 2,
                            "self": 0.03919509999999704,
                            "children": {
                                "read_file": {
                                    "total": 0.0022570000000001755,
                                    "count": 2,
                                    "self": 0.0022570000000001755
                                }
                            }
                        },
                        "make_demo_buffer": {
                            "total": 1.7778199000000008,
                            "count": 2,
                            "self": 0.3635687999998467,
                            "children": {
                                "steps_from_proto": {
                                    "total": 1.414251100000154,
                                    "count": 11896,
                                    "self": 0.4932388000005261,
                                    "children": {
                                        "_process_vector_observation": {
                                            "total": 0.921012299999628,
                                            "count": 47584,
                                            "self": 0.921012299999628
                                        }
                                    }
                                }
                            }
                        }
                    }
                },
                "TrainerController.advance": {
                    "total": 1535.8227835999937,
                    "count": 80966,
                    "self": 0.9743925999753174,
                    "children": {
                        "env_step": {
                            "total": 1534.8483910000184,
                            "count": 80966,
                            "self": 1436.3131117000414,
                            "children": {
                                "SubprocessEnvManager._take_step": {
                                    "total": 97.37217729999924,
                                    "count": 80966,
                                    "self": 3.360078199978986,
                                    "children": {
                                        "NNPolicy.evaluate": {
                                            "total": 94.01209910002025,
                                            "count": 78158,
                                            "self": 94.01209910002025
                                        }
                                    }
                                },
                                "workers": {
                                    "total": 1.1631019999778545,
                                    "count": 80966,
                                    "self": 0.0,
                                    "children": {
                                        "worker_root": {
                                            "total": 1593.8158674999902,
                                            "count": 80966,
                                            "is_parallel": true,
                                            "self": 570.8751096999812,
                                            "children": {
                                                "steps_from_proto": {
                                                    "total": 0.001261,
                                                    "count": 1,