{"count":1,"self":327.4206208,"total":1616.5773304,"children":{"AgentSendState":{"count":390801,"self":62.241408,"total":307.829003,"children":{"CollectObservations":{"count":2501152,"self":8.3642544,"total":8.364253999999999,"children":null},"CollectDiscreteActionMasks":{"count":2501152,"self":7.7843231999999993,"total":7.7843228999999994,"children":null},"AgentInfo.ToProto":{"count":2501152,"self":21.924975999999997,"total":226.31290719999998,"children":{"GenerateSensorData":{"count":2501152,"self":95.3474304,"total":204.38793149999998,"children":{"RayPerceptionSensor.Perceive":{"count":5002304,"self":109.0404992,"total":109.0405,"children":null}}}}},"RayPerceptionSensor.Perceive":{"count":156314,"self":3.1261128,"total":3.1261129,"children":null}}},"DecideAction":{"count":390801,"self":954.15224319999993,"total":954.1522616,"children":null},"AgentAct":{"count":390801,"self":26.6309568,"total":26.904739799999998,"children":{"AgentInfo.ToProto":{"count":1987,"self":0.028985399999999998,"total":0.2707851,"children":{"GenerateSensorData":{"count":1987,"self":0.1073918,"total":0.24179969999999998,"children":{"RayPerceptionSensor.Perceive":{"count":3974,"self":0.1344079,"total":0.1344079,"children":null}}}}},"RayPerceptionSensor.Perceive":{"count":126,"self":0.0029979,"total":0.0029979,"children":null}}},"AgentInfo.ToProto":{"count":1749,"self":0.036957899999999995,"total":0.2687136,"children":{"GenerateSensorData":{"count":1749,"self":0.0799246,"total":0.23175569999999998,"children":{"RayPerceptionSensor.Perceive":{"count":3498,"self":0.1518311,"total":0.1518311,"children":null}}}}},"RayPerceptionSensor.Perceive":{"count":96,"self":0.0009991,"total":0.0009991,"children":null}},"gauges":{"PushBlock.CumulativeReward":{"count":3736,"max":4.9924,"min":-0.99994123,"runningAverage":1.67564321,"value":-0.99994123,"weightedAverage":2.88528681}},"metadata":{"timer_format_version":"0.1.0","start_time_seconds":"1590332266","unity_version":"2019.3.14f1","command_line_arguments":"C:\\Program Files\\Unity\\Hub\\Editor\\2019.3.14f1\\Editor\\Unity.exe -projectpath C:\/Users\/Seppi\/AppData\/Local\/gitkraken\/app-7.0.0\/ML-Agents-Example-DemonstrationLearning -useHub -hubIPC -cloudEnvironment production -hubSessionId 7723f980-9db1-11ea-855c-75e69d61d98f -accessToken TMzvXWQQ9MXJ2uOKB4ZEthsdjF07x69UBXXGQhkRfi4008f","communication_protocol_version":"1.0.0","com.unity.ml-agents_version":"1.0.2-preview","scene_name":"PushBlock","end_time_seconds":"1590333882"}}